{
	"class_name" : "PinholeCameraParameters",
	"extrinsic" : 
	[
		0.65140496522778701,
		-0.5647647216702415,
		0.50666791928571941,
		0.0,
		-0.74394242064525928,
		-0.60662595512007422,
		0.28027598066750203,
		0.0,
		0.14906792425286444,
		-0.55950492377761307,
		-0.81531159333567049,
		0.0,
		2.1749785187998967,
		95.721756284686109,
		318.39362739867636,
		1.0
	],
	"intrinsic" : 
	{
		"height" : 1061,
		"intrinsic_matrix" : 
		[
			918.85295341528945,
			0.0,
			0.0,
			0.0,
			918.85295341528945,
			0.0,
			959.5,
			530.0,
			1.0
		],
		"width" : 1920
	},
	"version_major" : 1,
	"version_minor" : 0
}