{
	"class_name" : "PinholeCameraParameters",
	"extrinsic" : 
	[
		0.98885557481290376,
		0.11813824843412402,
		-0.090598048645425949,
		0.0,
		0.05843159800360781,
		-0.86768146345950481,
		-0.49367461583872924,
		0.0,
		-0.13693210184681512,
		0.4828791072573852,
		-0.86491465894510322,
		0.0,
		30.598208664054717,
		50.778333228577665,
		305.83592953185263,
		1.0
	],
	"intrinsic" : 
	{
		"height" : 1061,
		"intrinsic_matrix" : 
		[
			918.85295341528945,
			0.0,
			0.0,
			0.0,
			918.85295341528945,
			0.0,
			959.5,
			530.0,
			1.0
		],
		"width" : 1920
	},
	"version_major" : 1,
	"version_minor" : 0
}