{
	"class_name" : "PinholeCameraParameters",
	"extrinsic" : 
	[
		0.36298726826611089,
		0.69706518424793495,
		0.61833677877520687,
		0.0,
		0.93058710753153018,
		-0.30496051575057576,
		-0.20250115834049756,
		0.0,
		0.047411795713797555,
		0.64892157672752382,
		-0.75937665811154453,
		0.0,
		-51.674930645103544,
		-0.44596164438166852,
		400.75351655638713,
		1.0
	],
	"intrinsic" : 
	{
		"height" : 1061,
		"intrinsic_matrix" : 
		[
			918.85295341528945,
			0.0,
			0.0,
			0.0,
			918.85295341528945,
			0.0,
			959.5,
			530.0,
			1.0
		],
		"width" : 1920
	},
	"version_major" : 1,
	"version_minor" : 0
}