{
	"class_name" : "PinholeCameraParameters",
	"extrinsic" : 
	[
		0.72427210916151696,
		0.12910922934315819,
		-0.67731877191551659,
		0.0,
		0.023227516424208044,
		-0.98632392696111304,
		-0.163173507607002,
		0.0,
		-0.68912291673655068,
		0.10244958761471409,
		-0.71736579764168029,
		0.0,
		-0.4682440569922619,
		43.5912654769932,
		394.20755824357906,
		1.0
	],
	"intrinsic" : 
	{
		"height" : 1061,
		"intrinsic_matrix" : 
		[
			918.85295341528945,
			0.0,
			0.0,
			0.0,
			918.85295341528945,
			0.0,
			959.5,
			530.0,
			1.0
		],
		"width" : 1920
	},
	"version_major" : 1,
	"version_minor" : 0
}