{
	"class_name" : "PinholeCameraParameters",
	"extrinsic" : 
	[
		0.81481267864531826,
		-0.5005461378098206,
		-0.29246172850907093,
		0.0,
		0.52417167548853727,
		0.85160786045032066,
		0.0028472152652989713,
		0.0,
		0.2476375442746539,
		-0.15562010134587148,
		0.95627298964402396,
		0.0,
		109.4238937655179,
		-26.044688546758636,
		497.34821830315775,
		1.0
	],
	"intrinsic" : 
	{
		"height" : 1061,
		"intrinsic_matrix" : 
		[
			918.85295341528945,
			0.0,
			0.0,
			0.0,
			918.85295341528945,
			0.0,
			959.5,
			530.0,
			1.0
		],
		"width" : 1920
	},
	"version_major" : 1,
	"version_minor" : 0
}