{
	"class_name" : "PinholeCameraParameters",
	"extrinsic" : 
	[
		-0.21432457793267076,
		0.55686562643803761,
		-0.80247470326842985,
		0.0,
		0.50532002682633981,
		0.76629236455844074,
		0.39679677734031688,
		0.0,
		0.8358927238481082,
		-0.32046323675455474,
		-0.44563064089735177,
		0.0,
		-0.0,
		2.1316282072803006e-14,
		411.29849762445906,
		1.0
	],
	"intrinsic" : 
	{
		"height" : 1061,
		"intrinsic_matrix" : 
		[
			918.85295341528945,
			0.0,
			0.0,
			0.0,
			918.85295341528945,
			0.0,
			959.5,
			530.0,
			1.0
		],
		"width" : 1920
	},
	"version_major" : 1,
	"version_minor" : 0
}